LONGITUDE,UNITS,AVAILABILITYCOUNT,DETAILURL,LISTINGSTATUS,BUILDINGNAME,ADDRESS,LATITUDE,ISBUILDING,BATHROOMS,PROPERTYTYPE,LIVINGAREA,PRICE,BEDROOMS,DAYSONZILLOW,DATEPRICECHANGED,COUNTRY,CURRENCY,BEDS,PRICE_1,INGESTION_DATE
-86.74686,,,/APARTMENTS/NASHVILLE-TN/611-S-14TH-ST/9QDZNH/,FOR_RENT,,"611 S 14TH ST, 611 S 14TH ST UNIT B, NASHVILLE, TN 37206",36.168262,,1.0,APARTMENT,812.0,2060.0,2.0,0.0,,USA,USD,,,20251031
-86.752686,,,/HOMEDETAILS/942-RUSSELL-ST-C-NASHVILLE-TN-37206/2068779351_ZPID/,FOR_RENT,,"942 RUSSELL ST #C, NASHVILLE, TN 37206",36.174896,,1.0,APARTMENT,950.0,1775.0,1.0,1.0,,USA,USD,,,20251031
-86.76498,,19.0,/APARTMENTS/NASHVILLE-TN/EASTSIDE-HEIGHTS/CH3FFN/,FOR_RENT,EASTSIDE HEIGHTS,"120 S 5TH ST, NASHVILLE, TN",36.171116,TRUE,,,,,,,,,,1,"$1,633+",20251031
-86.76192,,,/HOMEDETAILS/538-FATHERLAND-ST-NASHVILLE-TN-37206/177688144_ZPID/,FOR_RENT,,"538 FATHERLAND ST, NASHVILLE, TN 37206",36.17012,,1.0,SINGLE_FAMILY,720.0,3000.0,2.0,8.0,,USA,USD,,,20251031
-86.75014,,27.0,/APARTMENTS/NASHVILLE-TN/THE-CLEO/CKBMD5/,FOR_RENT,THE CLEO,"1034 W EASTLAND AVE, NASHVILLE, TN",36.183807,TRUE,,,,,,,,,,1,"$1,610+",20251031
-86.75117,,,/HOMEDETAILS/1213-CLINE-AVE-A-NASHVILLE-TN-37206/2098211379_ZPID/,FOR_RENT,,"1213 CLINE AVE #A, NASHVILLE, TN 37206",36.19252,,1.0,APARTMENT,1095.0,1700.0,2.0,9.0,,USA,USD,,,20251031
-86.76451,,16.0,"/B/BUILDING/36.173386,-86.76451_LL/",FOR_RENT,,"2115 YEAMAN PL, NASHVILLE, TN",36.173386,TRUE,,,,,,,,,,1,"$1,700+",20251031
-86.75594,,3.0,/APARTMENTS/NASHVILLE-TN/AMPLIFY-ON-MAIN/63FN5G/,FOR_RENT,AMPLIFY ON MAIN,"30 MCFERRIN AVE, NASHVILLE, TN",36.176857,TRUE,,,,,,,,,,2,"$2,050+",20251031
-86.7403,,,/HOMEDETAILS/1621-RUSSELL-ST-B-NASHVILLE-TN-37206/2071562271_ZPID/,FOR_RENT,,"1621 RUSSELL ST #B, NASHVILLE, TN 37206",36.174545,,2.0,APARTMENT,1400.0,2175.0,2.0,16.0,1761548400000.0,USA,USD,,,20251031
-86.7308,,,/HOMEDETAILS/2028-GREENWOOD-CIR-A-NASHVILLE-TN-37206/457399468_ZPID/,FOR_RENT,,"2028 GREENWOOD CIR #A, NASHVILLE, TN 37206",36.189617,,1.0,APARTMENT,925.0,1625.0,2.0,16.0,1761462000000.0,USA,USD,,,20251031
-86.7447,,,/HOMEDETAILS/1114-SHARPE-AVE-FLOOR-A-1-NASHVILLE-TN-37206/2072490492_ZPID/,FOR_RENT,,"1114 SHARPE AVE FLOOR A-1, NASHVILLE, TN 37206",36.188618,,1.0,APARTMENT,1000.0,2500.0,2.0,18.0,,USA,USD,,,20251031
-86.75444,,,/HOMEDETAILS/934-MCFERRIN-AVE-ID1049676P-NASHVILLE-TN-37206/450852474_ZPID/,FOR_RENT,,"934 MCFERRIN AVE #ID1049676P, NASHVILLE, TN 37206",36.185886,,1.0,APARTMENT,742.0,2130.0,1.0,21.0,,USA,USD,,,20251031
-86.75157,,,/HOMEDETAILS/616-S-11TH-ST-NASHVILLE-TN-37206/41117784_ZPID/,FOR_RENT,,"616 S 11TH ST, NASHVILLE, TN 37206",36.16834,,2.0,SINGLE_FAMILY,1036.0,2600.0,2.0,22.0,1760425200000.0,USA,USD,,,20251031
-86.72836,,,/HOMEDETAILS/1310-PORTER-RD-B-NASHVILLE-TN-37206/457239705_ZPID/,FOR_RENT,,"1310 PORTER RD #B, NASHVILLE, TN 37206",36.190857,,2.0,APARTMENT,1374.0,2399.0,2.0,24.0,1760511600000.0,USA,USD,,,20251031
-86.73515,,,/HOMEDETAILS/304-MANCHESTER-AVE-304A-NASHVILLE-TN-37206/457229525_ZPID/,FOR_RENT,,"304 MANCHESTER AVE #304A, NASHVILLE, TN 37206",36.18675,,1.0,APARTMENT,900.0,1800.0,2.0,25.0,1761030000000.0,USA,USD,,,20251031
-86.750145,,,/HOMEDETAILS/812-S-12TH-ST-NASHVILLE-TN-37206/104463354_ZPID/,FOR_RENT,,"812 S 12TH ST, NASHVILLE, TN 37206",36.16524,,1.0,SINGLE_FAMILY,870.0,1895.0,2.0,30.0,1761548400000.0,USA,USD,,,20251031
-86.751205,,,/HOMEDETAILS/920-WEST-AVE-NASHVILLE-TN-37206/41088492_ZPID/,FOR_RENT,,"920 WEST AVE, NASHVILLE, TN 37206",36.193886,,1.0,SINGLE_FAMILY,1300.0,1900.0,2.0,31.0,1760511600000.0,USA,USD,,,20251031
-86.729805,,,/HOMEDETAILS/720-POWERS-AVE-NASHVILLE-TN-37206/41103691_ZPID/,FOR_RENT,,"720 POWERS AVE, NASHVILLE, TN 37206",36.184082,,1.0,SINGLE_FAMILY,1149.0,2095.0,2.0,32.0,1760857200000.0,USA,USD,,,20251031
-86.742874,,,/HOMEDETAILS/1007B-N-14TH-ST-NASHVILLE-TN-37206/71265413_ZPID/,FOR_RENT,,"1007B N 14TH ST, NASHVILLE, TN 37206",36.187344,,2.0,SINGLE_FAMILY,1100.0,2250.0,2.0,33.0,1760511600000.0,USA,USD,,,20251031
-86.73088,,,/APARTMENTS/NASHVILLE-TN/HERITAGE-EAST/CMPFW5/,FOR_RENT,,"HERITAGE EAST, 821 PORTER RD APT 312, NASHVILLE, TN 37206",36.185074,,2.0,APARTMENT,945.0,1975.0,1.0,36.0,,USA,USD,,,20251031
-86.73928,,,/HOMEDETAILS/1206-CHESTER-AVE-A-NASHVILLE-TN-37206/2087959149_ZPID/,FOR_RENT,,"1206 CHESTER AVE #A, NASHVILLE, TN 37206",36.1949,,1.0,APARTMENT,700.0,1650.0,2.0,37.0,1761721200000.0,USA,USD,,,20251031
-86.727425,,,/HOMEDETAILS/809-WASHINGTON-AVE-NASHVILLE-TN-37206/41103623_ZPID/,FOR_RENT,,"809 WASHINGTON AVE, NASHVILLE, TN 37206",36.185547,,1.0,SINGLE_FAMILY,768.0,2300.0,2.0,38.0,,USA,USD,,,20251031
-86.75331,,,/HOMEDETAILS/911-CHICAMAUGA-AVE-A-NASHVILLE-TN-37206/456822801_ZPID/,FOR_RENT,,"911 CHICAMAUGA AVE #A, NASHVILLE, TN 37206",36.185493,,1.0,TOWNHOUSE,975.0,1750.0,2.0,42.0,,USA,USD,,,20251031
-86.736824,,,/HOMEDETAILS/1104-MATTHEWS-PL-NASHVILLE-TN-37206/41102176_ZPID/,FOR_RENT,,"1104 MATTHEWS PL, NASHVILLE, TN 37206",36.18825,,1.0,SINGLE_FAMILY,912.0,2650.0,2.0,53.0,1759820400000.0,USA,USD,,,20251031
-86.725266,,,/HOMEDETAILS/1507-PORTER-RD-203-NASHVILLE-TN-37206/337059677_ZPID/,FOR_RENT,,"1507 PORTER RD #203, NASHVILLE, TN 37206",36.194523,,1.0,APARTMENT,783.0,1795.0,1.0,56.0,1757055600000.0,USA,USD,,,20251031
-86.750946,,,/HOMEDETAILS/1104-DEW-ST-A-NASHVILLE-TN-37206/455950567_ZPID/,FOR_RENT,,"1104 DEW ST #A, NASHVILLE, TN 37206",36.16594,,1.0,TOWNHOUSE,800.0,1650.0,2.0,78.0,1759388400000.0,USA,USD,,,20251031
-86.73813,,,/HOMEDETAILS/413B-LOCKLAND-DR-NASHVILLE-TN-37206/455045320_ZPID/,FOR_RENT,,"413B LOCKLAND DR, NASHVILLE, TN 37206",36.180134,,2.0,SINGLE_FAMILY,1042.0,2200.0,2.0,108.0,1756450800000.0,USA,USD,,,20251031
-86.72449,,,/HOMEDETAILS/215-PORTER-VILLAGE-CIR-NASHVILLE-TN-37206/244633945_ZPID/,FOR_RENT,,"215 PORTER VILLAGE CIR, NASHVILLE, TN 37206",36.19422,,4.0,TOWNHOUSE,1612.0,2199.0,2.0,109.0,1761116400000.0,USA,USD,,,20251031
-86.76151,,,/APARTMENTS/NASHVILLE-TN/BELVEDERE/9DRSDT/,FOR_RENT,,"BELVEDERE, 604 RUSSELL ST, NASHVILLE, TN 37206",36.171516,,1.0,APARTMENT,867.0,2199.0,2.0,115.0,1760598000000.0,USA,USD,,,20251031
-86.721596,,,/HOMEDETAILS/2411-CHAPMAN-DR-NASHVILLE-TN-37206/41105009_ZPID/,FOR_RENT,,"2411 CHAPMAN DR, NASHVILLE, TN 37206",36.179245,,1.0,SINGLE_FAMILY,1464.0,2500.0,2.0,142.0,1761634800000.0,USA,USD,,,20251031
-86.74575,,,/HOMEDETAILS/1410B-WOODLAND-ST-NASHVILLE-TN-37206/456939955_ZPID/,FOR_RENT,,"1410B WOODLAND ST, NASHVILLE, TN 37206",36.18022,,2.0,SINGLE_FAMILY,1550.0,2950.0,2.0,0.0,,USA,USD,,,20251031
-86.73513,,,/HOMEDETAILS/1919-RUSSELL-ST-NASHVILLE-TN-37206/41105693_ZPID/,FOR_RENT,,"1919 RUSSELL ST, NASHVILLE, TN 37206",36.174057,,2.0,SINGLE_FAMILY,1064.0,2950.0,2.0,0.0,,USA,USD,,,20251031
-86.72292,,,/HOMEDETAILS/1701-PORTER-RD-7-NASHVILLE-TN-37206/337059698_ZPID/,FOR_RENT,,"1701 PORTER RD #7, NASHVILLE, TN 37206",36.195312,,1.0,APARTMENT,873.0,1850.0,1.0,0.0,,USA,USD,,,20251031
,,,/HOMEDETAILS/NASHVILLE-TN-37206/41101459_ZPID/,FOR_RENT,,"(UNDISCLOSED ADDRESS), NASHVILLE, TN 37206",,,1.0,SINGLE_FAMILY,1200.0,2400.0,2.0,0.0,,USA,USD,,,20251031
-86.730896,,,/HOMEDETAILS/2107-EARLY-AVE-B-NASHVILLE-TN-37206/2082639704_ZPID/,FOR_RENT,,"2107 EARLY AVE #B, NASHVILLE, TN 37206",36.187164,,1.0,APARTMENT,800.0,1750.0,2.0,1.0,,USA,USD,,,20251031
-86.74991,,,/HOMEDETAILS/903-STROUSE-AVE-NASHVILLE-TN-37206/2055971658_ZPID/,FOR_RENT,,"903 STROUSE AVE, NASHVILLE, TN 37206",36.19536,,1.0,SINGLE_FAMILY,1200.0,1800.0,2.0,2.0,,USA,USD,,,20251031
-86.710976,,,/HOMEDETAILS/822-BETH-DR-NASHVILLE-TN-37206/2087777436_ZPID/,FOR_RENT,,"822 BETH DR, NASHVILLE, TN 37206",36.1809,,2.0,APARTMENT,1056.0,1975.0,2.0,5.0,,USA,USD,,,20251031
-86.74364,,,/HOMEDETAILS/1505-HOLLY-ST-A-NASHVILLE-TN-37206/248419241_ZPID/,FOR_RENT,,"1505 HOLLY ST #A, NASHVILLE, TN 37206",36.175766,,2.0,TOWNHOUSE,1088.0,2950.0,2.0,8.0,,USA,USD,,,20251031
-86.75034,,,/HOMEDETAILS/1119-GLENVIEW-DR-NASHVILLE-TN-37206/41118490_ZPID/,FOR_RENT,,"1119 GLENVIEW DR, NASHVILLE, TN 37206",36.16439,,1.0,SINGLE_FAMILY,825.0,1850.0,2.0,9.0,,USA,USD,,,20251031
-86.73665,,,/HOMEDETAILS/1704-SHARPE-AVE-NASHVILLE-TN-37206/41102185_ZPID/,FOR_RENT,,"1704 SHARPE AVE, NASHVILLE, TN 37206",36.187473,,1.0,SINGLE_FAMILY,825.0,2500.0,2.0,9.0,,USA,USD,,,20251031
-86.737,,,/HOMEDETAILS/1530-DOUGLAS-AVE-NASHVILLE-TN-37206/41102103_ZPID/,FOR_RENT,,"1530 DOUGLAS AVE, NASHVILLE, TN 37206",36.19159,,1.0,SINGLE_FAMILY,1132.0,2900.0,2.0,12.0,1759906800000.0,USA,USD,,,20251031
-86.74868,,,/HOMEDETAILS/1022-GRANADA-AVE-B-NASHVILLE-TN-37206/2079640967_ZPID/,FOR_RENT,,"1022 GRANADA AVE #B, NASHVILLE, TN 37206",36.188286,,1.0,APARTMENT,1000.0,2050.0,2.0,15.0,,USA,USD,,,20251031
-86.74966,,,/HOMEDETAILS/902-MCCLURKAN-AVE-NASHVILLE-TN-37206/41088384_ZPID/,FOR_RENT,,"902 MCCLURKAN AVE, NASHVILLE, TN 37206",36.19709,,1.0,SINGLE_FAMILY,850.0,2300.0,2.0,16.0,,USA,USD,,,20251031
-86.73569,,,/HOMEDETAILS/1900-EASTLAND-AVE-STE-202-NASHVILLE-TN-37206/2085667632_ZPID/,FOR_RENT,,"1900 EASTLAND AVE STE 202, NASHVILLE, TN 37206",36.181023,,3.0,APARTMENT,1261.0,2500.0,2.0,18.0,1760338800000.0,USA,USD,,,20251031
-86.75016,,,/HOMEDETAILS/901-DOUGLAS-AVE-NASHVILLE-TN-37206/2109198084_ZPID/,FOR_RENT,,"901 DOUGLAS AVE, NASHVILLE, TN 37206",36.193443,,1.0,SINGLE_FAMILY,963.0,2200.0,2.0,21.0,1761116400000.0,USA,USD,,,20251031
-86.75251,,,/HOMEDETAILS/913-SHARPE-AVE-NASHVILLE-TN-37206/41099954_ZPID/,FOR_RENT,,"913 SHARPE AVE, NASHVILLE, TN 37206",36.190292,,1.0,SINGLE_FAMILY,740.0,2000.0,2.0,24.0,,USA,USD,,,20251031
-86.75066,,,/HOMEDETAILS/1110-LENORE-ST-NASHVILLE-TN-37206/41117927_ZPID/,FOR_RENT,,"1110 LENORE ST, NASHVILLE, TN 37206",36.164913,,1.0,SINGLE_FAMILY,775.0,1850.0,2.0,25.0,,USA,USD,,,20251031
-86.74402,,,/HOMEDETAILS/1409-STRATTON-AVE-A-NASHVILLE-TN-37206/457156326_ZPID/,FOR_RENT,,"1409 STRATTON AVE #A, NASHVILLE, TN 37206",36.18254,,1.0,APARTMENT,1100.0,2000.0,1.0,29.0,,USA,USD,,,20251031
-86.75264,,,/HOMEDETAILS/911-GRANADA-AVE-NASHVILLE-TN-37206/41099963_ZPID/,FOR_RENT,,"911 GRANADA AVE, NASHVILLE, TN 37206",36.189213,,1.0,SINGLE_FAMILY,1225.0,2500.0,2.0,30.0,1761116400000.0,USA,USD,,,20251031
-86.757576,,,/HOMEDETAILS/827-RAMSEY-ST-UNIT-D-NASHVILLE-TN-37206/348695333_ZPID/,FOR_RENT,,"827 RAMSEY ST UNIT D, NASHVILLE, TN 37206",36.177525,,2.0,TOWNHOUSE,1200.0,2999.0,2.0,32.0,,USA,USD,,,20251031
-86.72507,,,/HOMEDETAILS/1509-PORTER-RD-101-NASHVILLE-TN-37206/337059666_ZPID/,FOR_RENT,,"1509 PORTER RD #101, NASHVILLE, TN 37206",36.19479,,1.0,TOWNHOUSE,924.0,1795.0,1.0,57.0,1758524400000.0,USA,USD,,,20251031
-86.745575,,,/HOMEDETAILS/905-N-12TH-ST-E2-NASHVILLE-TN-37206/455961917_ZPID/,FOR_RENT,,"905 N 12TH ST #E2, NASHVILLE, TN 37206",36.18569,,2.0,TOWNHOUSE,920.0,2500.0,2.0,77.0,1757833200000.0,USA,USD,,,20251031
-86.71052,,,/HOMEDETAILS/112-COLBERT-WAY-NASHVILLE-TN-37206/248422323_ZPID/,FOR_RENT,,"112 COLBERT WAY, NASHVILLE, TN 37206",36.190895,,3.0,SINGLE_FAMILY,1564.0,2995.0,2.0,86.0,1761721200000.0,USA,USD,,,20251031
-86.72338,,,/HOMEDETAILS/2339-OAK-CT-NASHVILLE-TN-37206/2082231088_ZPID/,FOR_RENT,,"2339 OAK CT, NASHVILLE, TN 37206",36.18265,,2.0,APARTMENT,1000.0,1650.0,2.0,133.0,,USA,USD,,,20251031
-86.7099,,,/HOMEDETAILS/2004-RIVERWOOD-DR-NASHVILLE-TN-37216/41089547_ZPID/,FOR_RENT,,"2004 RIVERWOOD DR, NASHVILLE, TN 37216",36.21114,,2.0,SINGLE_FAMILY,1151.0,2150.0,2.0,7.0,,USA,USD,,,20251031
-86.74256,,4.0,/APARTMENTS/NASHVILLE-TN/ASCENT-EAST-NASHVILLE/5XHXMF/,FOR_RENT,ASCENT EAST NASHVILLE,"488 LEMONT DR, NASHVILLE, TN",36.226326,TRUE,,,,,,,,,,2,"$1,635+",20251031
-86.7391,,13.0,/APARTMENTS/NASHVILLE-TN/THE-CANVAS/CPCYCN/,FOR_RENT,THE CANVAS,"2814 GALLATIN PIKE, NASHVILLE, TN",36.20107,TRUE,,,,,,,,,,2,"$1,629+",20251031
-86.73364,,,/HOMEDETAILS/3817-BURRUS-ST-B-NASHVILLE-TN-37216/457335667_ZPID/,FOR_RENT,,"3817 BURRUS ST #B, NASHVILLE, TN 37216",36.216618,,1.0,APARTMENT,750.0,1790.0,2.0,19.0,,USA,USD,,,20251031
-86.73845,,,/HOMEDETAILS/622-MAPLEWOOD-LN-NASHVILLE-TN-37216/457158031_ZPID/,FOR_RENT,,"622 MAPLEWOOD LN, NASHVILLE, TN 37216",36.228264,,1.0,APARTMENT,850.0,1749.0,2.0,29.0,,USA,USD,,,20251031
-86.715385,,,/HOMEDETAILS/1711-GOLF-ST-UNIT-B-NASHVILLE-TN-37216/457113164_ZPID/,FOR_RENT,,"1711 GOLF ST UNIT B, NASHVILLE, TN 37216",36.209667,,2.0,APARTMENT,1100.0,1800.0,2.0,30.0,1761807600000.0,USA,USD,,,20251031
-86.7244,,,/HOMEDETAILS/1090-HAYSBORO-AVE-111-NASHVILLE-TN-37216/456885295_ZPID/,FOR_RENT,,"1090 HAYSBORO AVE #111, NASHVILLE, TN 37216",36.231052,,2.0,APARTMENT,855.0,1995.0,2.0,40.0,,USA,USD,,,20251031
-86.7061,,,/HOMEDETAILS/2314-COOPER-TER-NASHVILLE-TN-37216/456343359_ZPID/,FOR_RENT,,"2314 COOPER TER, NASHVILLE, TN 37216",36.200603,,1.0,APARTMENT,900.0,1895.0,2.0,59.0,1760857200000.0,USA,USD,,,20251031
-86.74351,,4.0,/APARTMENTS/NASHVILLE-TN/PORCHLIGHT-EAST-HILL/CKQ7WC/,FOR_RENT,PORCHLIGHT EAST HILL,"618 COGDILL LN, NASHVILLE, TN",36.20706,TRUE,,,,,,,,,,2,"$2,613+",20251031
-86.73794,,,/HOMEDETAILS/1118-LITTON-AVE-APT-313-NASHVILLE-TN-37216/248418414_ZPID/,FOR_RENT,,"1118 LITTON AVE APT 313, NASHVILLE, TN 37216",36.202156,,2.0,APARTMENT,1101.0,1700.0,2.0,105.0,1761289200000.0,USA,USD,,,20251031
-86.738884,,,/HOMEDETAILS/3854-EDWARDS-AVE-NASHVILLE-TN-37216/41075888_ZPID/,FOR_RENT,,"3854 EDWARDS AVE, NASHVILLE, TN 37216",36.22071,,1.0,SINGLE_FAMILY,1000.0,1600.0,2.0,1.0,,USA,USD,,,20251031
-86.710526,,,/HOMEDETAILS/1934-RIVERWOOD-DR-NASHVILLE-TN-37216/41089550_ZPID/,FOR_RENT,,"1934 RIVERWOOD DR, NASHVILLE, TN 37216",36.210793,,1.0,SINGLE_FAMILY,912.0,2650.0,2.0,1.0,,USA,USD,,,20251031
-86.74443,,,/HOMEDETAILS/1010-CAROLYN-AVE-APT-A-NASHVILLE-TN-37216/2081227899_ZPID/,FOR_RENT,,"1010 CAROLYN AVE APT A, NASHVILLE, TN 37216",36.1975,,1.0,APARTMENT,750.0,1650.0,1.0,4.0,,USA,USD,,,20251031
-86.72131,,,/HOMEDETAILS/2312-HIDDEN-TERRACE-CT-NASHVILLE-TN-37216/41086957_ZPID/,FOR_RENT,,"2312 HIDDEN TERRACE CT, NASHVILLE, TN 37216",36.206802,,1.0,TOWNHOUSE,775.0,1950.0,2.0,4.0,,USA,USD,,,20251031
-86.71517,,,/HOMEDETAILS/2314-RIDGECREST-DR-NASHVILLE-TN-37216/41086836_ZPID/,FOR_RENT,,"2314 RIDGECREST DR, NASHVILLE, TN 37216",36.207127,,1.0,APARTMENT,900.0,2000.0,2.0,7.0,,USA,USD,,,20251031
-86.737236,,,/HOMEDETAILS/1034-MAYNOR-AVE-NASHVILLE-TN-37216/248419451_ZPID/,FOR_RENT,,"1034 MAYNOR AVE, NASHVILLE, TN 37216",36.207077,,3.0,SINGLE_FAMILY,1599.0,2900.0,2.0,7.0,,USA,USD,,,20251031
-86.711975,,,/HOMEDETAILS/1316-PLYMOUTH-AVE-B-NASHVILLE-TN-37216/457391773_ZPID/,FOR_RENT,,"1316 PLYMOUTH AVE #B, NASHVILLE, TN 37216",36.22054,,1.0,APARTMENT,775.0,1650.0,2.0,16.0,,USA,USD,,,20251031
-86.71537,,,/HOMEDETAILS/1307-CARDINAL-AVE-NASHVILLE-TN-37216/41076979_ZPID/,FOR_RENT,,"1307 CARDINAL AVE, NASHVILLE, TN 37216",36.219612,,1.0,SINGLE_FAMILY,884.0,2050.0,2.0,24.0,,USA,USD,,,20251031
-86.72079,,,/HOMEDETAILS/1237-ARDEE-AVE-APT-7-NASHVILLE-TN-37216/2100326165_ZPID/,FOR_RENT,,"1237 ARDEE AVE APT 7, NASHVILLE, TN 37216",36.21668,,1.0,APARTMENT,940.0,1700.0,2.0,42.0,,USA,USD,,,20251031
-86.73598,,,/HOMEDETAILS/3833-SAUNDERS-AVE-NASHVILLE-TN-37216/41076429_ZPID/,FOR_RENT,,"3833 SAUNDERS AVE, NASHVILLE, TN 37216",36.219006,,1.0,SINGLE_FAMILY,1078.0,2250.0,2.0,43.0,1761289200000.0,USA,USD,,,20251031
-86.72403,,,/HOMEDETAILS/1430B-LITTON-AVE-B-NASHVILLE-TN-37216/441153891_ZPID/,FOR_RENT,,"1430B LITTON AVE #B, NASHVILLE, TN 37216",36.2003,,2.0,TOWNHOUSE,1050.0,2000.0,2.0,58.0,,USA,USD,,,20251031
-86.73921,,,/HOMEDETAILS/1011-MAYNOR-ST-B-NASHVILLE-TN-37216/2054737002_ZPID/,FOR_RENT,,"1011 MAYNOR ST #B, NASHVILLE, TN 37216",36.207687,,1.0,APARTMENT,850.0,1749.0,2.0,74.0,1761807600000.0,USA,USD,,,20251031
-86.750465,,13.0,/APARTMENTS/NASHVILLE-TN/THE-FLATS-AT-LAUREL-AND-PINE/CH8VWS/,FOR_RENT,THE FLATS AT LAUREL & PINE,"901 CHEROKEE AVE, NASHVILLE, TN",36.201267,TRUE,,,,,,,,,,2,"$1,899+",20251031
-86.772484,,,/HOMEDETAILS/86-EVANSTON-AVE-NASHVILLE-TN-37207/296613524_ZPID/,FOR_RENT,,"86 EVANSTON AVE, NASHVILLE, TN 37207",36.189907,,2.0,TOWNHOUSE,1073.0,2950.0,2.0,0.0,,USA,USD,,,20251031
-86.799515,,35.0,/APARTMENTS/NASHVILLE-TN/LIVANO-TRINITY/CKCXYT/,FOR_RENT,LIVANO TRINITY,"200 HILLSIDE COTTAGE LN, NASHVILLE, TN",36.208595,TRUE,,,,,,,,,,1,"$1,699+",20251031
-86.7644,,13.0,/APARTMENTS/NASHVILLE-TN/MERIDIAN-PARK/CJJCWB/,FOR_RENT,MERIDIAN PARK,"1801 MERIDIAN ST, NASHVILLE, TN",36.20373,TRUE,,,,,,,,,,1,"$1,616+",20251031
-86.74879,,21.0,/APARTMENTS/NASHVILLE-TN/THE-STATION-BY-ALTA/CKCXLR/,FOR_RENT,THE STATION BY ALTA,"900 E TRINITY LN, NASHVILLE, TN",36.204086,TRUE,,,,,,,,,,1,"$1,750+",20251031
-86.77086,,,/HOMEDETAILS/1118B-JOSEPH-AVE-NASHVILLE-TN-37207/2061618037_ZPID/,FOR_RENT,,"1118B JOSEPH AVE, NASHVILLE, TN 37207",36.194725,,1.0,SINGLE_FAMILY,700.0,1850.0,2.0,4.0,1760166000000.0,USA,USD,,,20251031
-86.75633,,,/HOMEDETAILS/130-HART-LN-NASHVILLE-TN-37207/2060316014_ZPID/,FOR_RENT,,"130 HART LN, NASHVILLE, TN 37207",36.220913,,1.0,SINGLE_FAMILY,1020.0,2100.0,2.0,7.0,1756450800000.0,USA,USD,,,20251031
-86.81587,,,/HOMEDETAILS/786-GARRISON-DR-NASHVILLE-TN-37207/2061681808_ZPID/,FOR_RENT,,"786 GARRISON DR, NASHVILLE, TN 37207",36.22407,,2.0,SINGLE_FAMILY,1200.0,2005.0,2.0,8.0,,USA,USD,,,20251031
-86.779396,,24.0,/APARTMENTS/NASHVILLE-TN/OXBOW/CNNYPS/,FOR_RENT,OXBOW,"2141 WATERSIDE DR, NASHVILLE, TN",36.181293,TRUE,,,,,,,,,,1,"$1,891+",20251031
-86.77947,,19.0,/APARTMENTS/NASHVILLE-TN/THE-WAYWARD/CHQFVR/,FOR_RENT,THE WAYWARD,"2135 WATERSIDE DR, NASHVILLE, TN",36.1795,TRUE,,,,,,,,,,1,"$1,978+",20251031
-86.766304,,2.0,/B/105-DUKE-ST-NASHVILLE-TN-9DRTYK/,FOR_RENT,,"105 DUKE ST, NASHVILLE, TN",36.207554,TRUE,,,,,,,,,,2,"$1,995+",20251031
-86.75747,,7.0,/APARTMENTS/NASHVILLE-TN/BUFFALO-TRAIL-APARTMENTS/CKJKHR/,FOR_RENT,BUFFALO TRAIL APARTMENTS,"3711 DICKERSON PIKE, NASHVILLE, TN",36.261047,TRUE,,,,,,,,,,2,"$1,620+",20251031
-86.77219,,13.0,/APARTMENTS/NASHVILLE-TN/THE-LUCILE/CGHQQP/,FOR_RENT,THE LUCILE,"55 LUCILE ST, NASHVILLE, TN",36.196617,TRUE,,,,,,,,,,1,"$1,600+",20251031
-86.76286,,,/HOMEDETAILS/404-DOUGLAS-AVE-206-NASHVILLE-TN-37207/331674918_ZPID/,FOR_RENT,,"404 DOUGLAS AVE #206, NASHVILLE, TN 37207",36.19343,,2.0,APARTMENT,1014.0,2500.0,2.0,24.0,,USA,USD,,,20251031
-86.752106,,,/HOMEDETAILS/2009-OAKWOOD-AVE-NASHVILLE-TN-37207/41086043_ZPID/,FOR_RENT,,"2009 OAKWOOD AVE, NASHVILLE, TN 37207",36.20569,,1.0,SINGLE_FAMILY,1106.0,1995.0,2.0,28.0,1760079600000.0,USA,USD,,,20251031
-86.76351,,,/HOMEDETAILS/1227-OLD-HICKORY-BLVD-NASHVILLE-TN-37207/108729630_ZPID/,FOR_RENT,,"1227 OLD HICKORY BLVD, NASHVILLE, TN 37207",36.2728,,2.0,SINGLE_FAMILY,1045.0,1895.0,2.0,35.0,1761116400000.0,USA,USD,,,20251031
-86.7574,,,/HOMEDETAILS/1184-DALEMERE-DR-A-NASHVILLE-TN-37207/456721682_ZPID/,FOR_RENT,,"1184 DALEMERE DR #A, NASHVILLE, TN 37207",36.28037,,1.0,APARTMENT,1073.0,1695.0,2.0,45.0,1759129200000.0,USA,USD,,,20251031
-86.7781,,,/HOMEDETAILS/2900-EDWIN-ST-202-NASHVILLE-TN-37207/2054552795_ZPID/,FOR_RENT,,"2900 EDWIN ST #202, NASHVILLE, TN 37207",36.232735,,1.0,APARTMENT,760.0,1750.0,1.0,71.0,,USA,USD,,,20251031
-86.75701,,,/HOMEDETAILS/3044-HILLSIDE-RD-NASHVILLE-TN-37207/41073699_ZPID/,FOR_RENT,,"3044 HILLSIDE RD, NASHVILLE, TN 37207",36.228107,,1.0,SINGLE_FAMILY,700.0,1963.0,2.0,80.0,1756882800000.0,USA,USD,,,20251031
-86.75311,,,/HOMEDETAILS/224-WHITNEY-PARK-DR-NASHVILLE-TN-37207/41073871_ZPID/,FOR_RENT,,"224 WHITNEY PARK DR, NASHVILLE, TN 37207",36.22121,,2.0,SINGLE_FAMILY,1045.0,2000.0,2.0,1.0,,USA,USD,,,20251031
-86.76705,,,/HOMEDETAILS/102-DUKE-ST-41-NASHVILLE-TN-37207/338553274_ZPID/,FOR_RENT,,"102 DUKE ST #41, NASHVILLE, TN 37207",36.207344,,2.0,TOWNHOUSE,996.0,2100.0,1.0,8.0,,USA,USD,,,20251031
,,,/HOMEDETAILS/NASHVILLE-TN-37207/342376822_ZPID/,FOR_RENT,,"(UNDISCLOSED ADDRESS), NASHVILLE, TN 37207",,,1.0,SINGLE_FAMILY,1200.0,1950.0,2.0,8.0,1761116400000.0,USA,USD,,,20251031
,,,/HOMEDETAILS/NASHVILLE-TN-37207/41084500_ZPID/,FOR_RENT,,"(UNDISCLOSED ADDRESS), NASHVILLE, TN 37207",,,1.0,SINGLE_FAMILY,1200.0,1950.0,2.0,8.0,1761116400000.0,USA,USD,,,20251031
-86.763756,,,/HOMEDETAILS/330-PULLEN-AVE-NASHVILLE-TN-37207/41083966_ZPID/,FOR_RENT,,"330 PULLEN AVE, NASHVILLE, TN 37207",36.20004,,2.0,SINGLE_FAMILY,1416.0,2303.0,2.0,9.0,,USA,USD,,,20251031
-86.77757,,,/HOMEDETAILS/68-FERN-AVE-NASHVILLE-TN-37207/248421409_ZPID/,FOR_RENT,,"68 FERN AVE, NASHVILLE, TN 37207",36.195698,,3.0,TOWNHOUSE,1503.0,2600.0,2.0,10.0,,USA,USD,,,20251031
-86.77111,,,/HOMEDETAILS/1207-JOSEPH-AVE-NASHVILLE-TN-37207/41084714_ZPID/,FOR_RENT,,"1207 JOSEPH AVE, NASHVILLE, TN 37207",36.192192,,2.0,SINGLE_FAMILY,1120.0,2450.0,2.0,10.0,1760943600000.0,USA,USD,,,20251031
-86.77267,,,/HOMEDETAILS/1021-DICKERSON-PIKE-NASHVILLE-TN-37207/244633284_ZPID/,FOR_RENT,,"1021 DICKERSON PIKE, NASHVILLE, TN 37207",36.19022,,3.0,TOWNHOUSE,1358.0,2450.0,2.0,10.0,1760943600000.0,USA,USD,,,20251031
-86.75725,,,/HOMEDETAILS/2510-JONES-AVE-NASHVILLE-TN-37207/41082812_ZPID/,FOR_RENT,,"2510 JONES AVE, NASHVILLE, TN 37207",36.211025,,1.0,SINGLE_FAMILY,832.0,1800.0,2.0,15.0,,USA,USD,,,20251031
-86.76295,,,/HOMEDETAILS/1221-LISCHEY-AVE-NASHVILLE-TN-37207/41084867_ZPID/,FOR_RENT,,"1221 LISCHEY AVE, NASHVILLE, TN 37207",36.193127,,1.0,TOWNHOUSE,775.0,1775.0,2.0,19.0,1761721200000.0,USA,USD,,,20251031
-86.77668,,,/HOMEDETAILS/429-DENNIS-DR-NASHVILLE-TN-37207/41082667_ZPID/,FOR_RENT,,"429 DENNIS DR, NASHVILLE, TN 37207",36.21225,,2.0,TOWNHOUSE,1000.0,1600.0,2.0,20.0,1760511600000.0,USA,USD,,,20251031
-86.753784,,,/HOMEDETAILS/225-WHITNEY-PARK-DR-NASHVILLE-TN-37207/41073946_ZPID/,FOR_RENT,,"225 WHITNEY PARK DR, NASHVILLE, TN 37207",36.221554,,1.0,SINGLE_FAMILY,1000.0,2000.0,2.0,23.0,,USA,USD,,,20251031
-86.791245,,,/HOMEDETAILS/3120-EWINGDALE-DR-UNIT-B-NASHVILLE-TN-37207/2054595901_ZPID/,FOR_RENT,,"3120 EWINGDALE DR UNIT B, NASHVILLE, TN 37207",36.233902,,1.0,APARTMENT,700.0,1700.0,2.0,28.0,1756882800000.0,USA,USD,,,20251031
-86.75359,,,/HOMEDETAILS/1402-JEWELL-ST-NASHVILLE-TN-37207/2070153671_ZPID/,FOR_RENT,,"1402 JEWELL ST, NASHVILLE, TN 37207",36.19594,,1.0,SINGLE_FAMILY,812.0,2100.0,2.0,29.0,,USA,USD,,,20251031
-86.7577,,,/HOMEDETAILS/2502-WOODYHILL-DR-NASHVILLE-TN-37207/41082923_ZPID/,FOR_RENT,,"2502 WOODYHILL DR, NASHVILLE, TN 37207",36.209812,,1.0,SINGLE_FAMILY,1200.0,2199.0,2.0,29.0,,USA,USD,,,20251031
-86.763916,,,/HOMEDETAILS/326-MARSHALL-ST-NASHVILLE-TN-37207/41083927_ZPID/,FOR_RENT,,"326 MARSHALL ST, NASHVILLE, TN 37207",36.201054,,1.0,SINGLE_FAMILY,704.0,2399.0,2.0,31.0,1758956400000.0,USA,USD,,,20251031
-86.76606,,,/HOMEDETAILS/1336-PENNOCK-AVE-NASHVILLE-TN-37207/41084577_ZPID/,FOR_RENT,,"1336 PENNOCK AVE, NASHVILLE, TN 37207",36.196487,,1.0,SINGLE_FAMILY,1224.0,1995.0,2.0,32.0,,USA,USD,,,20251031
-86.765686,,,/HOMEDETAILS/758-COTTAGE-PARK-DR-NASHVILLE-TN-37207/248420415_ZPID/,FOR_RENT,,"758 COTTAGE PARK DR, NASHVILLE, TN 37207",36.222492,,3.0,SINGLE_FAMILY,1448.0,2400.0,2.0,32.0,,USA,USD,,,20251031
-86.753586,,,/HOMEDETAILS/600-E-TRINITY-LN-210-NASHVILLE-TN-37207/337059583_ZPID/,FOR_RENT,,"600 E TRINITY LN #210, NASHVILLE, TN 37207",36.204296,,1.0,APARTMENT,701.0,2050.0,1.0,35.0,1760943600000.0,USA,USD,,,20251031
-86.76134,,,/HOMEDETAILS/1121B-N-6TH-ST-B-NASHVILLE-TN-37207/2052960742_ZPID/,FOR_RENT,,"1121B N 6TH ST #B, NASHVILLE, TN 37207",36.196083,,1.0,APARTMENT,800.0,1950.0,2.0,36.0,,USA,USD,,,20251031
-86.77278,,,/HOMEDETAILS/1017-DICKERSON-PIKE-1017-NASHVILLE-TN-37207/456594523_ZPID/,FOR_RENT,,"1017 DICKERSON PIKE #1017, NASHVILLE, TN 37207",36.18978,,3.0,TOWNHOUSE,1200.0,2450.0,2.0,51.0,1760943600000.0,USA,USD,,,20251031
-86.76746,,,/HOMEDETAILS/102-DUKE-ST-1-NASHVILLE-TN-37207/338553265_ZPID/,FOR_RENT,,"102 DUKE ST #1, NASHVILLE, TN 37207",36.206875,,2.0,TOWNHOUSE,996.0,2200.0,1.0,62.0,1759388400000.0,USA,USD,,,20251031
-86.76432,,,/HOMEDETAILS/335A-EDITH-AVE-NASHVILLE-TN-37207/41083889_ZPID/,FOR_RENT,,"335A EDITH AVE, NASHVILLE, TN 37207",36.202347,,1.0,SINGLE_FAMILY,882.0,2450.0,2.0,73.0,1761548400000.0,USA,USD,,,20251031
-86.75605,,,/HOMEDETAILS/805-CHEROKEE-AVE-5-NASHVILLE-TN-37207/331679629_ZPID/,FOR_RENT,,"805 CHEROKEE AVE #5, NASHVILLE, TN 37207",36.202576,,3.0,APARTMENT,1300.0,2500.0,2.0,93.0,,USA,USD,,,20251031
-86.75803,,2.0,"/B/BUILDING/36.195717,-86.75803_LL/",FOR_RENT,,"712 CROCKETT ST, NASHVILLE, TN",36.195717,TRUE,,,,,,,,,,2,"$1,600+",20251031
-86.778046,,,/HOMEDETAILS/1111-BAPTIST-WORLD-CENTER-DR-5-NASHVILLE-TN-37207/296612026_ZPID/,FOR_RENT,,"1111 BAPTIST WORLD CENTER DR #5, NASHVILLE, TN 37207",36.19418,,3.0,CONDO,1084.0,3000.0,2.0,157.0,,USA,USD,,,20251031
-86.83063,,32.0,/APARTMENTS/NASHVILLE-TN/RYE-CHARLOTTE-AVE/CKBT3Y/,FOR_RENT,RYE CHARLOTTE AVE,"3800 CHARLOTTE AVE, NASHVILLE, TN",36.15322,TRUE,,,,,,,,,,1,"$1,699+",20251031
-86.90636,,11.0,/APARTMENTS/NASHVILLE-TN/CAMDEN-WEST-NASHVILLE/5Y6RQF/,FOR_RENT,CAMDEN WEST NASHVILLE,"7113 CHARLOTTE PIKE, NASHVILLE, TN",36.127,TRUE,,,,,,,,,,1,"$1,639+",20251031
-86.925514,,19.0,/APARTMENTS/NASHVILLE-TN/THE-LODGE-BELLEVUE/CGHFL8/,FOR_RENT,THE LODGE BELLEVUE,"645 OLD HICKORY BLVD, NASHVILLE, TN",36.11203,TRUE,,,,,,,,,,1,"$1,610+",20251031
-86.83597,,24.0,/APARTMENTS/NASHVILLE-TN/THE-REEVE/CKZWLF/,FOR_RENT,THE REEVE,"405 40TH AVE N, NASHVILLE, TN",36.153614,TRUE,,,,,,,,,,1,"$1,695+",20251031
-86.85732,,8.0,/APARTMENTS/NASHVILLE-TN/THE-UNION-APARTMENTS/CGKKZX/,FOR_RENT,THE UNION APARTMENTS,"5800 CENTENNIAL BLVD, NASHVILLE, TN",36.167206,TRUE,,,,,,,,,,1,"$1,614+",20251031
-86.925415,,30.0,/B/HARPETH-HEIGHTS-APARTMENTS-NASHVILLE-TN-CH4QCZ/,FOR_RENT,HARPETH HEIGHTS APARTMENTS,"615 OLD HICKORY BLVD, NASHVILLE, TN",36.106655,TRUE,,,,,,,,,,1,"$1,776+",20251031
-86.90014,,9.0,/APARTMENTS/NASHVILLE-TN/BELLS-BLUFF/BBMCHW/,FOR_RENT,BELLS BLUFF,"7600 CABOT DR, NASHVILLE, TN",36.134964,TRUE,,,,,,,,,,2,"$1,999+",20251031
-86.883095,,,/HOMEDETAILS/6416-HENRY-FORD-DR-NASHVILLE-TN-37209/41111274_ZPID/,FOR_RENT,,"6416 HENRY FORD DR, NASHVILLE, TN 37209",36.155308,,1.0,SINGLE_FAMILY,1349.0,2400.0,2.0,3.0,,USA,USD,,,20251031
-86.85322,,7.0,/APARTMENTS/NASHVILLE-TN/BEXLEY-SILO-BEND/CKFVSZ/,FOR_RENT,BEXLEY SILO BEND,"1605 54TH AVE N, NASHVILLE, TN",36.16422,TRUE,,,,,,,,,,1,"$1,619+",20251031
-86.82095,,11.0,/APARTMENTS/NASHVILLE-TN/THE-SHAY-APARTMENTS/CMPCPB/,FOR_RENT,THE SHAY APARTMENTS,"9 CITY PL, NASHVILLE, TN",36.149986,TRUE,,,,,,,,,,1,"$1,739+",20251031
-86.916145,,9.0,/APARTMENTS/NASHVILLE-TN/MAA-NASHVILLE-WEST/5XHXGR/,FOR_RENT,MAA NASHVILLE WEST,"7100 SONYA DR, NASHVILLE, TN",36.114525,TRUE,,,,,,,,,,2,"$1,638+",20251031
-86.84489,,20.0,/APARTMENTS/NASHVILLE-TN/CORTLAND-AT-THE-NATIONS/CKBZWD/,FOR_RENT,CORTLAND AT THE NATIONS,"4731 CENTENNIAL BLVD, NASHVILLE, TN",36.162846,TRUE,,,,,,,,,,1,"$1,785+",20251031
-86.92267,,8.0,/APARTMENTS/NASHVILLE-TN/AVANA-LEXINGTON/5XHXCW/,FOR_RENT,AVANA LEXINGTON,"510 OLD HICKORY BLVD, NASHVILLE, TN",36.099552,TRUE,,,,,,,,,,1,"$1,690+",20251031
-86.82108,,9.0,/APARTMENTS/NASHVILLE-TN/BROADSTONE-CENTENNIAL/CKBMSG/,FOR_RENT,BROADSTONE CENTENNIAL,"2 CITY PL, NASHVILLE, TN",36.15107,TRUE,,,,,,,,,,1,"$1,959+",20251031
-86.871315,,15.0,/APARTMENTS/NASHVILLE-TN/WESTERN-HILLS-APARTMENTS/5XHXJJ/,FOR_RENT,WESTERN HILLS APARTMENTS,"100 WATTS CIR, NASHVILLE, TN",36.143433,TRUE,,,,,,,,,,2,"$1,649+",20251031
-86.91039,,15.0,/APARTMENTS/NASHVILLE-TN/STERLING-NASHVILLE-WEST/CKHHVX/,FOR_RENT,STERLING NASHVILLE WEST,"7114 CHARLOTTE PIKE, NASHVILLE, TN",36.12697,TRUE,,,,,,,,,,1,"$1,670+",20251031
-86.834114,,13.0,/APARTMENTS/NASHVILLE-TN/STATION-40/CKBN8D/,FOR_RENT,STATION 40,"610 SYLVAN HEIGHTS WAY, NASHVILLE, TN",36.151047,TRUE,,,,,,,,,,1,"$1,643+",20251031
-86.853836,,,/HOMEDETAILS/1633-54TH-AVE-N-28-NASHVILLE-TN-37209/307239418_ZPID/,FOR_RENT,,"1633 54TH AVE N #28, NASHVILLE, TN 37209",36.167564,,3.0,TOWNHOUSE,1468.0,2850.0,2.0,10.0,,USA,USD,,,20251031
-86.8416,,3.0,"/B/BUILDING/36.139557,-86.8416_LL/",FOR_RENT,,"312 SLOAN RD, NASHVILLE, TN",36.139557,TRUE,,,,,,,,,,1,"$1,600+",20251031
-86.86326,,2.0,/APARTMENTS/NASHVILLE-TN/RICHLAND-HILLS/5XHXFT/,FOR_RENT,RICHLAND HILLS,"5800 MAUDINA AVE, NASHVILLE, TN",36.144943,TRUE,,,,,,,,,,2,"$1,601+",20251031
-86.85261,,5.0,/B/1638-54TH-AVE-N-NASHVILLE-TN-BSXWXQ/,FOR_RENT,,"1638 54TH AVE N, NASHVILLE, TN",36.166595,TRUE,,,,,,,,,,1,"$1,800+",20251031
-86.91087,,8.0,/APARTMENTS/NASHVILLE-TN/THE-SUMMIT-AT-NASHVILLE-WEST/63FN57/,FOR_RENT,THE SUMMIT AT NASHVILLE WEST,"7201 CHARLOTTE PIKE, NASHVILLE, TN",36.123043,TRUE,,,,,,,,,,1,"$1,676+",20251031
-86.82114,,45.0,/APARTMENTS/NASHVILLE-TN/HAVEN-AT-CHARLOTTE/CKCKF5/,FOR_RENT,HAVEN AT CHARLOTTE,"3025 CHARLOTTE AVE, NASHVILLE, TN",36.152622,TRUE,,,,,,,,,,1,"$1,704+",20251031
-86.8601,,,/HOMEDETAILS/530-SNYDER-AVE-NASHVILLE-TN-37209/63644261_ZPID/,FOR_RENT,,"530 SNYDER AVE, NASHVILLE, TN 37209",36.154396,,1.0,SINGLE_FAMILY,904.0,2150.0,2.0,20.0,1761030000000.0,USA,USD,,,20251031
-86.871605,,,/HOMEDETAILS/670-JAMES-AVE-NASHVILLE-TN-37209/177699814_ZPID/,FOR_RENT,,"670 JAMES AVE, NASHVILLE, TN 37209",36.16272,,3.0,TOWNHOUSE,1327.0,2300.0,2.0,20.0,1760857200000.0,USA,USD,,,20251031
-86.85568,,,/HOMEDETAILS/5529-KENTUCKY-AVE-NASHVILLE-TN-37209/244086869_ZPID/,FOR_RENT,,"5529 KENTUCKY AVE, NASHVILLE, TN 37209",36.159424,,3.0,APARTMENT,1502.0,2650.0,2.0,23.0,,USA,USD,,,20251031
-86.841545,,,/APARTMENTS/NASHVILLE-TN/4506-PARK-AVE-NASHVILLE-TN-37209/CNYDGW/,FOR_RENT,,"4506 PARK AVE, NASHVILLE TN 37209, 4506 PARK AVE, NASHVILLE, TN 37209",36.15128,,1.0,APARTMENT,1400.0,2000.0,2.0,25.0,1761807600000.0,USA,USD,,,20251031
-86.85578,,60.0,/APARTMENTS/NASHVILLE-TN/MODERA-NATIONS/CNWNTM/,FOR_RENT,MODERA NATIONS,"1701 54TH AVE N, NASHVILLE, TN",36.168823,TRUE,,,,,,,,,,1,"$1,925+",20251031
-86.8936,,,/HOMEDETAILS/6644-UPTON-LN-NASHVILLE-TN-37209/41124738_ZPID/,FOR_RENT,,"6644 UPTON LN, NASHVILLE, TN 37209",36.13964,,1.0,SINGLE_FAMILY,700.0,1800.0,1.0,29.0,,USA,USD,,,20251031
-86.870964,,,/HOMEDETAILS/645-NASHUA-LN-UNIT-201-NASHVILLE-TN-37209/296615937_ZPID/,FOR_RENT,,"645 NASHUA LN UNIT 201, NASHVILLE, TN 37209",36.160774,,3.0,TOWNHOUSE,1430.0,2950.0,2.0,29.0,1759734000000.0,USA,USD,,,20251031
-86.842186,,,/HOMEDETAILS/4600-IDAHO-AVE-NASHVILLE-TN-37209/41125864_ZPID/,FOR_RENT,,"4600 IDAHO AVE, NASHVILLE, TN 37209",36.146866,,1.0,APARTMENT,750.0,1600.0,1.0,35.0,,USA,USD,,,20251031
-86.83519,,5.0,/APARTMENTS/NASHVILLE-TN/THE-DOVER/CGLCQS/,FOR_RENT,THE DOVER,"525 40TH AVE N, NASHVILLE, TN",36.154713,TRUE,,,,,,,,,,2,"$1,600+",20251031
-86.86356,,,/HOMEDETAILS/6117-LOUISIANA-AVE-NASHVILLE-TN-37209/41112212_ZPID/,FOR_RENT,,"6117 LOUISIANA AVE, NASHVILLE, TN 37209",36.16467,,1.0,SINGLE_FAMILY,700.0,2100.0,2.0,45.0,1760511600000.0,USA,USD,,,20251031
-86.85403,,2.0,/B/5403-CENTENNIAL-BLVD-NASHVILLE-TN-9DRFLT/,FOR_RENT,,"5403 CENTENNIAL BLVD, NASHVILLE, TN",36.164963,TRUE,,,,,,,,,,1,"$1,799+",20251031
-86.868286,,,/HOMEDETAILS/613-EASTBORO-DR-A-NASHVILLE-TN-37209/2090323475_ZPID/,FOR_RENT,,"613 EASTBORO DR #A, NASHVILLE, TN 37209",36.15443,,2.0,TOWNHOUSE,1000.0,1775.0,2.0,46.0,,USA,USD,,,20251031
-86.83551,,3.0,/APARTMENTS/NASHVILLE-TN/4012-DELAWARE-AVENUE/BPMSLF/,FOR_RENT,4012 DELAWARE AVENUE,"4014 DELAWARE AVE, NASHVILLE, TN",36.15573,TRUE,,,,,,,,,,2,"$1,825+",20251031
-86.87661,,,/HOMEDETAILS/6204-FREEDOM-DR-NASHVILLE-TN-37209/41111413_ZPID/,FOR_RENT,,"6204 FREEDOM DR, NASHVILLE, TN 37209",36.155487,,1.0,SINGLE_FAMILY,814.0,1925.0,2.0,78.0,1761116400000.0,USA,USD,,,20251031
-86.824265,,,/HOMEDETAILS/930-32ND-AVE-N-A-NASHVILLE-TN-37209/2077321126_ZPID/,FOR_RENT,,"930 32ND AVE N #A, NASHVILLE, TN 37209",36.16266,,1.0,APARTMENT,1000.0,1800.0,2.0,78.0,1761548400000.0,USA,USD,,,20251031
-86.835495,,,/HOMEDETAILS/4012-DELAWARE-AVE-NASHVILLE-TN-37209/440159189_ZPID/,FOR_RENT,,"4012 DELAWARE AVENUE - 4012, 4012 DELAWARE AVE, NASHVILLE, TN 37209",36.155754,,2.0,APARTMENT,1156.0,1825.0,2.0,148.0,1743145200000.0,USA,USD,,,20251031
-86.92285,,,/HOMEDETAILS/724-OLD-HICKORY-BLVD-C-NASHVILLE-TN-37209/2070149822_ZPID/,FOR_RENT,,"724 OLD HICKORY BLVD #C, NASHVILLE, TN 37209",36.119514,,3.0,TOWNHOUSE,1491.0,2600.0,2.0,156.0,,USA,USD,,,20251031
-86.90843,,,/HOMEDETAILS/1110-LILLY-VALLEY-WAY-NASHVILLE-TN-37209/248419942_ZPID/,FOR_RENT,,"1110 LILLY VALLEY WAY, NASHVILLE, TN 37209",36.125633,,3.0,TOWNHOUSE,1216.0,2250.0,2.0,262.0,1760943600000.0,USA,USD,,,20251031
-86.83652,,,/HOMEDETAILS/4113-NEBRASKA-AVE-A-NASHVILLE-TN-37209/2108080665_ZPID/,FOR_RENT,,"4113 NEBRASKA AVE #A, NASHVILLE, TN 37209",36.142967,,2.0,APARTMENT,1100.0,2000.0,2.0,1.0,,USA,USD,,,20251031
-86.853325,,,/HOMEDETAILS/709-MORROW-RD-NASHVILLE-TN-37209/41113946_ZPID/,FOR_RENT,,"709 MORROW RD, NASHVILLE, TN 37209",36.15588,,1.0,SINGLE_FAMILY,900.0,2000.0,2.0,1.0,,USA,USD,,,20251031
-86.84383,,,/HOMEDETAILS/4706-ELKINS-AVE-A-NASHVILLE-TN-37209/2089989008_ZPID/,FOR_RENT,,"4706 ELKINS AVE #A, NASHVILLE, TN 37209",36.1502,,1.0,APARTMENT,1200.0,2700.0,2.0,2.0,,USA,USD,,,20251031
-86.85389,,,/HOMEDETAILS/1677-54TH-AVE-N-APT-108-NASHVILLE-TN-37209/338552136_ZPID/,FOR_RENT,,"1677 54TH AVE N APT 108, NASHVILLE, TN 37209",36.167973,,1.0,APARTMENT,874.0,1900.0,1.0,6.0,,USA,USD,,,20251031
-86.871864,,,/HOMEDETAILS/6224-DEAL-AVE-NASHVILLE-TN-37209/41113596_ZPID/,FOR_RENT,,"6224 DEAL AVE, NASHVILLE, TN 37209",36.156174,,2.0,APARTMENT,1086.0,1640.0,2.0,8.0,,USA,USD,,,20251031
-86.87474,,,/HOMEDETAILS/549-CROLEY-DR-NASHVILLE-TN-37209/41111820_ZPID/,FOR_RENT,,"549 CROLEY DR, NASHVILLE, TN 37209",36.1524,,2.0,SINGLE_FAMILY,1030.0,1850.0,2.0,9.0,,USA,USD,,,20251031
-86.84072,,,/HOMEDETAILS/517-SLOAN-RD-NASHVILLE-TN-37209/59878655_ZPID/,FOR_RENT,,"517 SLOAN RD, NASHVILLE, TN 37209",36.13941,,2.0,SINGLE_FAMILY,1148.0,2100.0,2.0,9.0,,USA,USD,,,20251031
-86.854675,,,/HOMEDETAILS/1509-55TH-AVE-N-NASHVILLE-TN-37209/342386377_ZPID/,FOR_RENT,,"1509 55TH AVE N, NASHVILLE, TN 37209",36.164833,,3.0,SINGLE_FAMILY,1311.0,2950.0,2.0,10.0,,USA,USD,,,20251031
-86.854675,,,/HOMEDETAILS/1507-55TH-AVE-N-NASHVILLE-TN-37209/342386378_ZPID/,FOR_RENT,,"1507 55TH AVE N, NASHVILLE, TN 37209",36.164783,,3.0,SINGLE_FAMILY,1310.0,2999.0,2.0,10.0,1761548400000.0,USA,USD,,,20251031
-86.86313,,,/HOMEDETAILS/6206-PENNSYLVANIA-AVE-NASHVILLE-TN-37209/41112137_ZPID/,FOR_RENT,,"6206 PENNSYLVANIA AVE, NASHVILLE, TN 37209",36.166363,,2.0,SINGLE_FAMILY,1250.0,2300.0,2.0,18.0,1761634800000.0,USA,USD,,,20251031
-86.825836,,,/HOMEDETAILS/3319A-FELICIA-ST-A-NASHVILLE-TN-37209/457239155_ZPID/,FOR_RENT,,"3319A FELICIA ST #A, NASHVILLE, TN 37209",36.153587,,2.0,TOWNHOUSE,960.0,1750.0,2.0,24.0,,USA,USD,,,20251031
-86.88875,,,/HOMEDETAILS/439-CAPRI-DR-A-NASHVILLE-TN-37209/2083961596_ZPID/,FOR_RENT,,"439 CAPRI DR #A, NASHVILLE, TN 37209",36.148457,,1.0,SINGLE_FAMILY,929.0,1700.0,2.0,30.0,,USA,USD,,,20251031
-86.83346,,,/HOMEDETAILS/3824-LOOKOUT-DR-NASHVILLE-TN-37209/41126137_ZPID/,FOR_RENT,,"3824 LOOKOUT DR, NASHVILLE, TN 37209",36.146362,,2.0,SINGLE_FAMILY,1186.0,2450.0,2.0,35.0,,USA,USD,,,20251031
-86.83278,,,/HOMEDETAILS/3907-WESTLAWN-DR-NASHVILLE-TN-37209/41128791_ZPID/,FOR_RENT,,"3907 WESTLAWN DR, NASHVILLE, TN 37209",36.140167,,2.0,TOWNHOUSE,935.0,1675.0,2.0,36.0,1761202800000.0,USA,USD,,,20251031
-86.85415,,,/HOMEDETAILS/5619-MEADOWCREST-LN-NASHVILLE-TN-37209/41125544_ZPID/,FOR_RENT,,"5619 MEADOWCREST LN, NASHVILLE, TN 37209",36.14295,,1.0,SINGLE_FAMILY,1056.0,2250.0,2.0,45.0,,USA,USD,,,20251031
-86.92214,,,/HOMEDETAILS/616-OLD-HICKORY-BLVD-606-NASHVILLE-TN-37209/456691786_ZPID/,FOR_RENT,,"616 OLD HICKORY BLVD #606, NASHVILLE, TN 37209",36.107174,,3.0,TOWNHOUSE,1209.0,2200.0,2.0,47.0,,USA,USD,,,20251031
-86.92238,,,/HOMEDETAILS/730-OLD-HICKORY-BLVD-201-NASHVILLE-TN-37209/338553371_ZPID/,FOR_RENT,,"730 OLD HICKORY BLVD #201, NASHVILLE, TN 37209",36.120277,,3.0,TOWNHOUSE,1484.0,2450.0,2.0,53.0,,USA,USD,,,20251031
-86.91025,,,/HOMEDETAILS/111-STELLA-DR-111-NASHVILLE-TN-37209/456536136_ZPID/,FOR_RENT,,"111 STELLA DR #111, NASHVILLE, TN 37209",36.129612,,3.0,TOWNHOUSE,1091.0,2700.0,2.0,54.0,,USA,USD,,,20251031
-86.82937,,,/HOMEDETAILS/115-37TH-AVE-N-NASHVILLE-TN-37209/41128480_ZPID/,FOR_RENT,,"115 37TH AVE N, NASHVILLE, TN 37209",36.141563,,2.0,SINGLE_FAMILY,1080.0,2800.0,2.0,54.0,1760857200000.0,USA,USD,,,20251031
-86.86933,,,/HOMEDETAILS/510-VERNON-CIR-NASHVILLE-TN-37209/308918833_ZPID/,FOR_RENT,,"510 VERNON CIR, NASHVILLE, TN 37209",36.162838,,3.0,TOWNHOUSE,1351.0,2600.0,2.0,58.0,1758870000000.0,USA,USD,,,20251031
-86.83703,,,/HOMEDETAILS/900-42ND-AVE-N-NASHVILLE-TN-37209/41113313_ZPID/,FOR_RENT,,"900 42ND AVE N, NASHVILLE, TN 37209",36.160137,,1.0,SINGLE_FAMILY,700.0,2500.0,2.0,62.0,,USA,USD,,,20251031
,,,/HOMEDETAILS/NASHVILLE-TN-37209/456170776_ZPID/,FOR_RENT,,"(UNDISCLOSED ADDRESS), NASHVILLE, TN 37209",,,1.0,APARTMENT,750.0,2350.0,1.0,70.0,,USA,USD,,,20251031
-86.8344,,,/HOMEDETAILS/601-SYLVAN-HEIGHTS-WAY-205-NASHVILLE-TN-37209/338552382_ZPID/,FOR_RENT,,"601 SYLVAN HEIGHTS WAY #205, NASHVILLE, TN 37209",36.152252,,1.0,TOWNHOUSE,749.0,1600.0,1.0,70.0,1756882800000.0,USA,USD,,,20251031
-86.85799,,,/HOMEDETAILS/324-W-MILL-DR-NASHVILLE-TN-37209/244021743_ZPID/,FOR_RENT,,"324 W MILL DR, NASHVILLE, TN 37209",36.16326,,3.0,TOWNHOUSE,1190.0,2695.0,2.0,73.0,,USA,USD,,,20251031
-86.837425,,,/HOMEDETAILS/4202-PARK-AVE-B-NASHVILLE-TN-37209/2063252934_ZPID/,FOR_RENT,,"4202 PARK AVE #B, NASHVILLE, TN 37209",36.151535,,2.0,APARTMENT,1250.0,1850.0,2.0,79.0,1752476400000.0,USA,USD,,,20251031
,,,/HOMEDETAILS/NASHVILLE-TN-37209/41126735_ZPID/,FOR_RENT,,"(UNDISCLOSED ADDRESS), NASHVILLE, TN 37209",,,1.0,APARTMENT,700.0,2350.0,1.0,90.0,,USA,USD,,,20251031
-86.838745,,,/HOMEDETAILS/4303-MURPHY-RD-NASHVILLE-TN-37209/41126720_ZPID/,FOR_RENT,,"4303 MURPHY RD, NASHVILLE, TN 37209",36.140675,,1.0,SINGLE_FAMILY,760.0,2600.0,2.0,91.0,,USA,USD,,,20251031
-86.886024,,,/HOMEDETAILS/515-BASSWOOD-AVE-APT-G75-NASHVILLE-TN-37209/441588602_ZPID/,FOR_RENT,,"515 BASSWOOD AVE APT G75, NASHVILLE, TN 37209",36.156807,,1.0,APARTMENT,968.0,2500.0,2.0,144.0,,USA,USD,,,20251031
-86.92377,,,/HOMEDETAILS/619-OLD-HICKORY-BLVD-734-NASHVILLE-TN-37209/352286878_ZPID/,FOR_RENT,,"619 OLD HICKORY BLVD #734, NASHVILLE, TN 37209",36.108395,,3.0,TOWNHOUSE,1209.0,2249.0,2.0,149.0,1759906800000.0,USA,USD,,,20251031
,,,,,,"MIDTOWN, NASHVILLE, TN",,,,,,,,,,,,,,20251031
,,,,,,"INFINITY MIDTOWN, NASHVILLE, TN",,,,,,,,,,,,,,20251031
,,,,,,"ARTEMIS MIDTOWN, NASHVILLE, TN",,,,,,,,,,,,,,20251031
,,,,,,"ASPIRE MIDTOWN, NASHVILLE, TN",,,,,,,,,,,,,,20251031
,,,,,,"OLYMPUS MIDTOWN, NASHVILLE, TN",,,,,,,,,,,,,,20251031
,,,,,,"MIDTOWN, NASHVILLE, TN",,,,,,,,,,,,,,20251031
,,,,,,"INFINITY MIDTOWN, NASHVILLE, TN",,,,,,,,,,,,,,20251031
,,,,,,"ARTEMIS MIDTOWN, NASHVILLE, TN",,,,,,,,,,,,,,20251031
,,,,,,"ASPIRE MIDTOWN, NASHVILLE, TN",,,,,,,,,,,,,,20251031
,,,,,,"OLYMPUS MIDTOWN, NASHVILLE, TN",,,,,,,,,,,,,,20251031
,,,,,,"MIDTOWN, NASHVILLE, TN",,,,,,,,,,,,,,20251031
,,,,,,"INFINITY MIDTOWN, NASHVILLE, TN",,,,,,,,,,,,,,20251031
,,,,,,"ARTEMIS MIDTOWN, NASHVILLE, TN",,,,,,,,,,,,,,20251031
,,,,,,"ASPIRE MIDTOWN, NASHVILLE, TN",,,,,,,,,,,,,,20251031
,,,,,,"OLYMPUS MIDTOWN, NASHVILLE, TN",,,,,,,,,,,,,,20251031
,,,,,,"MIDTOWN, NASHVILLE, TN",,,,,,,,,,,,,,20251031
,,,,,,"INFINITY MIDTOWN, NASHVILLE, TN",,,,,,,,,,,,,,20251031
,,,,,,"ARTEMIS MIDTOWN, NASHVILLE, TN",,,,,,,,,,,,,,20251031
,,,,,,"ASPIRE MIDTOWN, NASHVILLE, TN",,,,,,,,,,,,,,20251031
,,,,,,"OLYMPUS MIDTOWN, NASHVILLE, TN",,,,,,,,,,,,,,20251031
,,,,,,"MIDTOWN, NASHVILLE, TN",,,,,,,,,,,,,,20251031
,,,,,,"INFINITY MIDTOWN, NASHVILLE, TN",,,,,,,,,,,,,,20251031
,,,,,,"ARTEMIS MIDTOWN, NASHVILLE, TN",,,,,,,,,,,,,,20251031
,,,,,,"ASPIRE MIDTOWN, NASHVILLE, TN",,,,,,,,,,,,,,20251031
,,,,,,"OLYMPUS MIDTOWN, NASHVILLE, TN",,,,,,,,,,,,,,20251031
